{"metadata":{"modules":{"imports":[],"exports":{"exported":[],"specifiers":[]}},"usedHelpers":[]},"ignored":false,"code":"// Messages = new Mongo.Collection(\"messages\");\n\n// if (Meteor.isClient) {\n//   Template.search.events({\n//     \"submit #search\": function (e) {\n//       e.preventDefault();\n//       Session.set(\"searchValue\", $(\"#searchValue\").val());\n//     }\n//   });\n\n// Meteor.subscribe('messages');\n\n//   Template.search.helpers({\n//     messages: function() {\n//       Meteor.subscribe(\"search\", Session.get(\"searchValue\"));\n//       if (Session.get(\"searchValue\")) {\n//         return Messages.find({}, { sort: [[\"score\", \"desc\"]] });\n//       } else {\n//         return Messages.find({});\n//       }\n//     }\n//   });\n// }\n\n// if (Meteor.isServer) {\n\n//   Meteor.startup(function () {\n//     Messages._ensureIndex({\n//       \"value\": \"text\"\n//     });\n//     seed();\n//   });\n\n//   Meteor.publish(\"search\", function(searchValue) {\n//     if (!searchValue) {\n//       return Messages.find({});\n//     }\n//     console.log(\"Searching for \", searchValue);\n//     var cursor = Messages.find(\n//       { $text: {$search: searchValue} },\n//       {\n\n//         fields: {\n//           score: { $meta: \"textScore\" }\n//         },\n\n//         sort: {\n//           score: { $meta: \"textScore\" }\n//         }\n//       }\n//     );\n//     return cursor;\n//   });\n// }\n\n// function seed() {\n//   if (!Messages.findOne({})) {\n//     Messages.insert({title: \"Cookie\", value: \"Cookie\"});\n//     Messages.insert({title: \"Cake\", value: \"Cake\"});\n//     Messages.insert({title: \"Existential\", value: \"I like eating pancakes.\"});\n//     Messages.insert({title: \"Sugar overdose\", value: \"I enjoy baking cake cake cakes cakes.\"});\n//   }\n// }","ast":null,"map":{"version":3,"sources":[],"names":[],"mappings":"","file":"/lib/messages.js.map","sourcesContent":[]},"hash":"1138b2050971379cd359d0787422705863fd454f"}
