{"metadata":{"modules":{"imports":[],"exports":{"exported":[],"specifiers":[]}},"usedHelpers":[]},"ignored":false,"code":"Websites = new Mongo.Collection(\"websites\");\n\nif (Meteor.isClient) {\n\tMeteor.subscribe('websites');\n\n\tTemplate.search.events({\n\t\t\"submit #search\": function (e) {\n\t\t\te.preventDefault();\n\t\t\tSession.set(\"searchValue\", $(\"#searchValue\").val());\n\t\t}\n\n\t});\n\n\tTemplate.search.helpers({\n\t\twebsites: function () {\n\t\t\tMeteor.subscribe(\"search\", Session.get(\"searchValue\"));\n\t\t\tvar searchValue = Session.get(\"searchValue\");\n\t\t\tconsole.log(searchValue);\n\t\t\tif (Session.get(\"searchValue\")) {\n\t\t\t\treturn Websites.find({}, { sort: [[\"score\", \"desc\"]] });\n\t\t\t\t// return Websites.find({ $searchValue: {$search: searchValue} });\n\t\t\t\t// {sort: [[\"score\", \"desc\"]]});\n\t\t\t} else {\n\t\t\t\t\treturn Websites.find({}, { sort: { upvotes: -1 } });\n\t\t\t\t}\n\t\t}\n\n\t});\n};\n\nif (Meteor.isServer) {\n\n\t// Meteor.startup(function () {\n\tWebsites._ensureIndex({\n\t\t\"description\": \"text\",\n\t\t\"title\": \"text\"\n\t});\n\t// seed();\n\t// });\n\n\tMeteor.publish(\"search\", function (searchValue) {\n\t\tif (searchValue) {\n\t\t\treturn Websites.find({ $text: { $search: searchValue }\n\t\t\t}, { fields: { score: {\n\t\t\t\t\t\t$meta: 'textScore'\n\t\t\t\t\t}\n\n\t\t\t\t},\n\n\t\t\t\tsort: {\n\t\t\t\t\tscore: {\n\t\t\t\t\t\t$meta: 'textScore'\n\t\t\t\t\t}\n\t\t\t\t}\n\t\t\t});\n\t\t}\n\t});\n\n\t// set up security on websites collection\n\tWebsites.allow({\n\n\t\t// we need to be able to update websites for voting\n\t\tupdate: function (userId, doc) {\n\n\t\t\tif (Meteor.user()) {\n\t\t\t\t// they are logged in\n\t\t\t\treturn true;\n\t\t\t} else {\n\t\t\t\t// user not logged in - do not let them update  (rate) the image.\n\t\t\t\treturn false;\n\t\t\t}\n\t\t},\n\n\t\tinsert: function (userId, doc) {\n\n\t\t\tif (Meteor.user()) {\n\t\t\t\t// they are logged in\n\t\t\t\tif (userId != doc.createdBy) {\n\t\t\t\t\t// the user is messing about\n\t\t\t\t\treturn false;\n\t\t\t\t} else {\n\t\t\t\t\t// the user is logged in, the image has the correct user id\n\t\t\t\t\treturn true;\n\t\t\t\t}\n\t\t\t} else {\n\t\t\t\t// user not logged in\n\t\t\t\treturn false;\n\t\t\t}\n\t\t},\n\t\tremove: function (userId, doc) {\n\t\t\tif (Meteor.user()) {\n\t\t\t\t// they are logged in\n\t\t\t\tif (userId != doc.createdBy) {\n\t\t\t\t\t// the user is messing about\n\t\t\t\t\treturn false;\n\t\t\t\t} else {\n\t\t\t\t\t// the user is logged in, the image has the correct user id\n\t\t\t\t\treturn true;\n\t\t\t\t}\n\t\t\t} else {\n\t\t\t\t// user not logged in\n\t\t\t\treturn false;\n\t\t\t}\n\t\t\t// return true;\n\t\t}\n\t});\n\n\tMeteor.publish('websites', function () {\n\t\treturn Websites.find();\n\t});\n};","ast":null,"map":{"version":3,"sources":["/lib/collections.js"],"names":[],"mappings":"AAAA,QAAQ,GAAG,IAAI,KAAK,CAAC,UAAU,CAAC,UAAU,CAAC,CAAC;;AAG5C,IAAI,MAAM,CAAC,QAAQ,EAAE;AACpB,OAAM,CAAC,SAAS,CAAC,UAAU,CAAC,CAAC;;AAE5B,SAAQ,CAAC,MAAM,CAAC,MAAM,CAAC;AACrB,kBAAgB,EAAE,UAAU,CAAC,EAAE;AAC7B,IAAC,CAAC,cAAc,EAAE,CAAC;AACnB,UAAO,CAAC,GAAG,CAAC,aAAa,EAAE,CAAC,CAAC,cAAc,CAAC,CAAC,GAAG,EAAE,CAAC,CAAC;GAErD;;EAGF,CAAC,CAAC;;AAIH,SAAQ,CAAC,MAAM,CAAC,OAAO,CAAC;AACtB,UAAQ,EAAE,YAAW;AACnB,SAAM,CAAC,SAAS,CAAC,QAAQ,EAAE,OAAO,CAAC,GAAG,CAAC,aAAa,CAAC,CAAC,CAAC;AAC3D,OAAI,WAAW,GAAG,OAAO,CAAC,GAAG,CAAC,aAAa,CAAC,CAAC;AACvC,UAAO,CAAC,GAAG,CAAC,WAAW,CAAC,CAAC;AAC3B,OAAI,OAAO,CAAC,GAAG,CAAC,aAAa,CAAC,EAAE;AACpC,WAAO,QAAQ,CAAC,IAAI,CAAC,EAAE,EAAE,EAAE,IAAI,EAAE,CAAC,CAAC,OAAO,EAAE,MAAM,CAAC,CAAC,EAAE,CAAC,CAAC;;;IAInD,MAEI;AACH,YAAO,QAAQ,CAAC,IAAI,CAAC,EAAE,EAAE,EAAC,IAAI,EAAE,EAAC,OAAO,EAAE,CAAC,CAAC,EAAC,EAAC,CAAC,CAAC;KACjD;GACF;;EAGF,CAAC,CAAC;CAEJ,CAAC;;AAIF,IAAI,MAAM,CAAC,QAAQ,EAAE;;;AAGjB,SAAQ,CAAC,YAAY,CAAC;AACpB,eAAa,EAAE,MAAM;AACrB,SAAO,EAAE,MAAM;EAChB,CAAC,CAAC;;;;AAIL,OAAM,CAAC,OAAO,CAAC,QAAQ,EAAE,UAAS,WAAW,EAAE;AAC7C,MAAI,WAAW,EAAE;AACf,UAAO,QAAQ,CAAC,IAAI,CACpB,EAAC,KAAK,EAAE,EAAC,OAAO,EAAE,WAAW,EAAC;IAC7B,EAED,EAAC,MAAM,EAAE,EAAC,KAAK,EAAC;AACd,WAAK,EAAE,WAAW;MAClB;;KAED;;AAED,QAAI,EAAC;AACJ,UAAK,EAAC;AACL,WAAK,EAAC,WAAW;MACjB;KACD;IACA,CACA,CAAC;GACL;EAEF,CAAC,CAAC;;;AAKH,SAAQ,CAAC,KAAK,CAAC;;;AAGd,QAAM,EAAC,UAAS,MAAM,EAAE,GAAG,EAAC;;AAE3B,OAAI,MAAM,CAAC,IAAI,EAAE,EAAC;;AACjB,WAAO,IAAI,CAAC;IACZ,MAAM;;AACN,WAAO,KAAK,CAAC;IACb;GACD;;AAED,QAAM,EAAC,UAAS,MAAM,EAAE,GAAG,EAAC;;AAE3B,OAAI,MAAM,CAAC,IAAI,EAAE,EAAC;;AACjB,QAAI,MAAM,IAAI,GAAG,CAAC,SAAS,EAAC;;AAC3B,YAAO,KAAK,CAAC;KACb,MACI;;AACJ,YAAO,IAAI,CAAC;KACZ;IACD,MACI;;AACJ,WAAO,KAAK,CAAC;IACb;GACD;AACD,QAAM,EAAC,UAAS,MAAM,EAAE,GAAG,EAAC;AAC3B,OAAI,MAAM,CAAC,IAAI,EAAE,EAAC;;AACjB,QAAI,MAAM,IAAI,GAAG,CAAC,SAAS,EAAC;;AAC3B,YAAO,KAAK,CAAC;KACb,MAEI;;AACJ,YAAO,IAAI,CAAC;KACZ;IACD,MACI;;AACJ,WAAO,KAAK,CAAC;IACb;;GAED;EACD,CAAC,CAAC;;AAIF,OAAM,CAAC,OAAO,CAAC,UAAU,EAAE,YAAW;AACtC,SAAO,QAAQ,CAAC,IAAI,EAAE,CAAC;EAEtB,CAAC,CAAC;CAKH,CAAC","file":"/lib/collections.js.map","sourcesContent":["Websites = new Mongo.Collection(\"websites\");\n\n\nif (Meteor.isClient) {\n\tMeteor.subscribe('websites');\n\n  Template.search.events({\n    \"submit #search\": function (e) {\n      e.preventDefault();\n      Session.set(\"searchValue\", $(\"#searchValue\").val());\n\t\t\n    }\n\n    \n  });\n\n\n\n  Template.search.helpers({\n    websites: function() {\n      Meteor.subscribe(\"search\", Session.get(\"searchValue\"));\n\t\tvar searchValue = Session.get(\"searchValue\");\n        console.log(searchValue);\n      if (Session.get(\"searchValue\")) {\n\t\treturn Websites.find({}, { sort: [[\"score\", \"desc\"]] });\n        // return Websites.find({ $searchValue: {$search: searchValue} });\n        \t// {sort: [[\"score\", \"desc\"]]});\n\n      } \n\n      else {\n        return Websites.find({}, {sort: {upvotes: -1}});\n      }\n    }\n\n\n  });\n\n};\n\n\n\nif (Meteor.isServer) {\n\n// Meteor.startup(function () {\n    Websites._ensureIndex({\n      \"description\": \"text\",\n \t\t   \"title\": \"text\",\n    });\n    // seed();\n  // });\n\n  Meteor.publish(\"search\", function(searchValue) {\n    if (searchValue) {\n      return Websites.find(\n      {$text: {$search: searchValue}\n      },\n\n      {fields: {score:{\n      \t\t$meta: 'textScore'\n      \t},\n  \n      },\n\n      sort:{\n      \tscore:{\n      \t\t$meta:'textScore'\n      \t}\n      }\n      }\n      );\n  } \n\n});\n\n\n\n// set up security on websites collection\nWebsites.allow({\n\n\t// we need to be able to update websites for voting\n\tupdate:function(userId, doc){\n\t\t\n\t\tif (Meteor.user()){// they are logged in\n\t\t\treturn true;\n\t\t} else {// user not logged in - do not let them update  (rate) the image. \n\t\t\treturn false;\n\t\t}\n\t},\n\n\tinsert:function(userId, doc){\n\t\t\n\t\tif (Meteor.user()){// they are logged in\n\t\t\tif (userId != doc.createdBy){// the user is messing about\n\t\t\t\treturn false;\n\t\t\t}\n\t\t\telse {// the user is logged in, the image has the correct user id\n\t\t\t\treturn true;\n\t\t\t}\n\t\t}\n\t\telse {// user not logged in\n\t\t\treturn false;\n\t\t}\n\t}, \n\tremove:function(userId, doc){\n\t\tif (Meteor.user()){// they are logged in\n\t\t\tif (userId != doc.createdBy){// the user is messing about\n\t\t\t\treturn false;\n\t\t\t}\n\t\t\t\t\t\t\t\n\t\t\telse {// the user is logged in, the image has the correct user id\n\t\t\t\treturn true;\n\t\t\t}\n\t\t}\n\t\telse {// user not logged in\n\t\t\treturn false;\n\t\t}\n\t\t// return true;\n\t},\n});\n\n\n\n\tMeteor.publish('websites', function() {\n\treturn Websites.find();\n\n\t});\n\n\n\t\n\n};\n\n\n\n\n\n\n"]},"hash":"1ea3000bebb2ba175631ee4fecfd1bf2fdd6f48a"}
