{"metadata":{"modules":{"imports":[],"exports":{"exported":[],"specifiers":[]}},"usedHelpers":[]},"ignored":false,"code":"Websites = new Mongo.Collection(\"websites\");\n\nif (Meteor.isClient) {\n  Meteor.subscribe('websites');\n\n  Template.search.events({\n    \"submit #search\": function (e) {\n      e.preventDefault();\n      Session.set(\"searchValue\", $(\"#searchValue\").val());\n    }\n  });\n\n  Template.search.helpers({\n    websites: function () {\n      Meteor.subscribe(\"search\", Session.get(\"searchValue\"));\n      if (Session.get(\"searchValue\")) {\n\n        return Websites.find({}, { sort: [[\"score\", \"desc\"]] });\n      } else\n        // sort: {description: true}},\n        {\n          return Websites.find({}, { sort: { upvotes: -1 } });\n        }\n    }\n  });\n};\n\nif (Meteor.isServer) {\n\n  // Meteor.startup(function () {\n  Websites._ensureIndex({\n    \"description\": \"text\",\n    \"title\": \"text\"\n  });\n  // seed();\n  // });\n\n  Meteor.publish(\"search\", function (searchValue) {\n    if (searchValue) {\n      return Websites.find({ $text: {\n          $search: searchValue\n        }\n      }, { fields: {\n          score: {\n            $meta: 'textScore'\n          }\n        },\n        sort: {\n          score: {\n            $meta: 'textScore'\n          }\n        }\n      });\n    } else {\n      return Websites.find();\n    }\n  });\n\n  // Meteor.publish(\"search\", function(searchValue) {\n  //   if (!searchValue) {\n  //     return Websites.find({});\n  //   }\n  //   console.log(\"Searching for \", searchValue);\n\n  //   var cursor = Websites.find(\n  //     { $text: {$search: searchValue} },\n  //     {\n\n  //       fields: {\n  //         score: { $meta: \"textScore\" }\n  //       },\n\n  //       sort: {\n  //         score: { $meta: \"textScore\" }\n  //       }\n  //     }\n  //   );\n  //   return cursor;\n  // });\n\n  // set up security on websites collection\n  Websites.allow({\n\n    // we need to be able to update websites for voting\n    update: function (userId, doc) {\n\n      if (Meteor.user()) {\n        // they are logged in\n        return true;\n      } else {\n        // user not logged in - do not let them update  (rate) the image.\n        return false;\n      }\n    },\n\n    insert: function (userId, doc) {\n\n      if (Meteor.user()) {\n        // they are logged in\n        if (userId != doc.createdBy) {\n          // the user is messing about\n          return false;\n        } else {\n          // the user is logged in, the image has the correct user id\n          return true;\n        }\n      } else {\n        // user not logged in\n        return false;\n      }\n    },\n    remove: function (userId, doc) {\n      if (Meteor.user()) {\n        // they are logged in\n        if (userId != doc.createdBy) {\n          // the user is messing about\n          return false;\n        } else {\n          // the user is logged in, the image has the correct user id\n          return true;\n        }\n      } else {\n        // user not logged in\n        return false;\n      }\n      // return true;\n    }\n  });\n\n  Meteor.publish('websites', function () {\n    return Websites.find();\n  });\n};","ast":null,"map":{"version":3,"sources":["/lib/collections.js"],"names":[],"mappings":"AAAA,QAAQ,GAAG,IAAI,KAAK,CAAC,UAAU,CAAC,UAAU,CAAC,CAAC;;AAG5C,IAAI,MAAM,CAAC,QAAQ,EAAE;AACpB,QAAM,CAAC,SAAS,CAAC,UAAU,CAAC,CAAC;;AAE5B,UAAQ,CAAC,MAAM,CAAC,MAAM,CAAC;AACrB,oBAAgB,EAAE,UAAU,CAAC,EAAE;AAC7B,OAAC,CAAC,cAAc,EAAE,CAAC;AACnB,aAAO,CAAC,GAAG,CAAC,aAAa,EAAE,CAAC,CAAC,cAAc,CAAC,CAAC,GAAG,EAAE,CAAC,CAAC;KAErD;GACF,CAAC,CAAC;;AAGH,UAAQ,CAAC,MAAM,CAAC,OAAO,CAAC;AACtB,YAAQ,EAAE,YAAW;AACnB,YAAM,CAAC,SAAS,CAAC,QAAQ,EAAE,OAAO,CAAC,GAAG,CAAC,aAAa,CAAC,CAAC,CAAC;AACvD,UAAI,OAAO,CAAC,GAAG,CAAC,aAAa,CAAC,EAAE;;AAE9B,eAAO,QAAQ,CAAC,IAAI,CAAC,EAAE,EAAE,EAAC,IAAI,EAAE,CAAC,CAAC,OAAO,EAAE,MAAM,CAAC,CAAC,EAAE,CAElD,CAAC;OACL;;AAAM;AACL,iBAAO,QAAQ,CAAC,IAAI,CAAC,EAAE,EAAE,EAAC,IAAI,EAAE,EAAC,OAAO,EAAE,CAAC,CAAC,EAAC,EAAC,CAAC,CAAC;SACjD;KACF;GACF,CAAC,CAAC;CAIJ,CAAC;;AAKF,IAAI,MAAM,CAAC,QAAQ,EAAE;;;AAGjB,UAAQ,CAAC,YAAY,CAAC;AACpB,iBAAa,EAAE,MAAM;AACxB,WAAO,EAAE,MAAM;GACb,CAAC,CAAC;;;;AAIL,QAAM,CAAC,OAAO,CAAC,QAAQ,EAAE,UAAS,WAAW,EAAE;AAC7C,QAAI,WAAW,EAAE;AACf,aAAO,QAAQ,CAAC,IAAI,CACpB,EAAC,KAAK,EAAE;AACN,iBAAO,EAAE,WAAW;SACpB;OACD,EACD,EAAC,MAAM,EAAE;AACR,eAAK,EAAC;AACL,iBAAK,EAAE,WAAW;WAClB;SACD;AACD,YAAI,EAAC;AACJ,eAAK,EAAC;AACL,iBAAK,EAAC,WAAW;WACjB;SACD;OACA,CACA,CAAC;KACL,MAAK;AACL,aAAO,QAAQ,CAAC,IAAI,EAAE,CAAC;KACvB;GACF,CAAC,CAAC;;;;;;;;;;;;;;;;;;;;;;;;;AAsCH,UAAQ,CAAC,KAAK,CAAC;;;AAGd,UAAM,EAAC,UAAS,MAAM,EAAE,GAAG,EAAC;;AAE3B,UAAI,MAAM,CAAC,IAAI,EAAE,EAAC;;AACjB,eAAO,IAAI,CAAC;OACZ,MAAM;;AACN,eAAO,KAAK,CAAC;OACb;KACD;;AAED,UAAM,EAAC,UAAS,MAAM,EAAE,GAAG,EAAC;;AAE3B,UAAI,MAAM,CAAC,IAAI,EAAE,EAAC;;AACjB,YAAI,MAAM,IAAI,GAAG,CAAC,SAAS,EAAC;;AAC3B,iBAAO,KAAK,CAAC;SACb,MACI;;AACJ,iBAAO,IAAI,CAAC;SACZ;OACD,MACI;;AACJ,eAAO,KAAK,CAAC;OACb;KACD;AACD,UAAM,EAAC,UAAS,MAAM,EAAE,GAAG,EAAC;AAC3B,UAAI,MAAM,CAAC,IAAI,EAAE,EAAC;;AACjB,YAAI,MAAM,IAAI,GAAG,CAAC,SAAS,EAAC;;AAC3B,iBAAO,KAAK,CAAC;SACb,MAEI;;AACJ,iBAAO,IAAI,CAAC;SACZ;OACD,MACI;;AACJ,eAAO,KAAK,CAAC;OACb;;KAED;GACD,CAAC,CAAC;;AAIF,QAAM,CAAC,OAAO,CAAC,UAAU,EAAE,YAAW;AACtC,WAAO,QAAQ,CAAC,IAAI,EAAE,CAAC;GAEtB,CAAC,CAAC;CAKH,CAAC","file":"/lib/collections.js.map","sourcesContent":["Websites = new Mongo.Collection(\"websites\");\n\n\nif (Meteor.isClient) {\n\tMeteor.subscribe('websites');\n\n  Template.search.events({\n    \"submit #search\": function (e) {\n      e.preventDefault();\n      Session.set(\"searchValue\", $(\"#searchValue\").val());\n\n    }\n  });\n\n\n  Template.search.helpers({\n    websites: function() {\n      Meteor.subscribe(\"search\", Session.get(\"searchValue\"));\n      if (Session.get(\"searchValue\")) {\n\n        return Websites.find({}, {sort: [[\"score\", \"desc\"]] },\n        \t // sort: {description: true}},\n        \t );\n      } else {\n        return Websites.find({}, {sort: {upvotes: -1}});\n      }\n    }\n  });\n\n\n\n};\n\n\n\n\nif (Meteor.isServer) {\n\n// Meteor.startup(function () {\n    Websites._ensureIndex({\n      \"description\": \"text\",\n \t\t\"title\": \"text\",\n    });\n    // seed();\n  // });\n\n  Meteor.publish(\"search\", function(searchValue) {\n    if (searchValue) {\n      return Websites.find(\n      {$text: {\n      \t\t$search: searchValue\n      \t}\n      },\n      {fields: {\n      \tscore:{\n      \t\t$meta: 'textScore'\n      \t}\n      },\n      sort:{\n      \tscore:{\n      \t\t$meta:'textScore'\n      \t}\n      }\n      }\n      );\n  } else{\n  \treturn Websites.find();\n  }\n});\n\n\n\n\n  // Meteor.publish(\"search\", function(searchValue) {\n  //   if (!searchValue) {\n  //     return Websites.find({});\n  //   }\n  //   console.log(\"Searching for \", searchValue);\n\n  //   var cursor = Websites.find(\n  //     { $text: {$search: searchValue} },\n  //     {\n\n  //       fields: {\n  //         score: { $meta: \"textScore\" }\n  //       },\n\n  //       sort: {\n  //         score: { $meta: \"textScore\" }\n  //       }\n  //     }\n  //   );\n  //   return cursor;\n  // });\n\n\n\n\n\n\n\n\n\n\n\n// set up security on websites collection\nWebsites.allow({\n\n\t// we need to be able to update websites for voting\n\tupdate:function(userId, doc){\n\t\t\n\t\tif (Meteor.user()){// they are logged in\n\t\t\treturn true;\n\t\t} else {// user not logged in - do not let them update  (rate) the image. \n\t\t\treturn false;\n\t\t}\n\t},\n\n\tinsert:function(userId, doc){\n\t\t\n\t\tif (Meteor.user()){// they are logged in\n\t\t\tif (userId != doc.createdBy){// the user is messing about\n\t\t\t\treturn false;\n\t\t\t}\n\t\t\telse {// the user is logged in, the image has the correct user id\n\t\t\t\treturn true;\n\t\t\t}\n\t\t}\n\t\telse {// user not logged in\n\t\t\treturn false;\n\t\t}\n\t}, \n\tremove:function(userId, doc){\n\t\tif (Meteor.user()){// they are logged in\n\t\t\tif (userId != doc.createdBy){// the user is messing about\n\t\t\t\treturn false;\n\t\t\t}\n\t\t\t\t\t\t\t\n\t\t\telse {// the user is logged in, the image has the correct user id\n\t\t\t\treturn true;\n\t\t\t}\n\t\t}\n\t\telse {// user not logged in\n\t\t\treturn false;\n\t\t}\n\t\t// return true;\n\t},\n});\n\n\n\n\tMeteor.publish('websites', function() {\n\treturn Websites.find();\n\n\t});\n\n\n\t\n\n};\n\n\n\n\n\n\n"]},"hash":"2bb32fb1d99fc505ec0c36e301ee7b4578248c31"}
