{"metadata":{"modules":{"imports":[],"exports":{"exported":[],"specifiers":[]}},"usedHelpers":[]},"ignored":false,"code":"Websites = new Mongo.Collection(\"websites\");\n\nif (Meteor.isClient) {\n\tMeteor.subscribe('websites');\n\tTemplate.search.events({\n\t\t\"submit #search\": function (e) {\n\t\t\te.preventDefault();\n\t\t\tSession.set(\"searchValue\", $(\"#searchValue\").val());\n\t\t}\n\t});\n\n\tTemplate.search.helpers({\n\t\twebsites: function () {\n\t\t\tMeteor.subscribe(\"search\", Session.get(\"searchValue\"));\n\t\t\tvar searchValue = Session.get(\"searchValue\");\n\t\t\treturn Websites.find({}, { sort: [[\"score\", \"desc\"]] });\n\t\t}\n\t});\n};\n\nif (Meteor.isServer) {\n\t// Meteor.startup(function () {\n\tWebsites._ensureIndex({\n\t\t\"description\": \"text\",\n\t\t\"title\": \"text\"\n\t});\n\t// seed();\n\t// });\n\n\tMeteor.publish(\"search\", function (searchValue) {\n\t\tif (searchValue) {\n\t\t\tconsole.log(searchValue);\n\t\t\treturn Websites.find({ $text: { $search: searchValue } }, { fields: { score: {\n\t\t\t\t\t\t$meta: 'textScore' //returns for each matching document the metadata\n\t\t\t\t\t}\n\t\t\t\t},\n\t\t\t\tsort: {\n\t\t\t\t\tscore: {\n\t\t\t\t\t\t$meta: 'textScore' //Returns the score associated with the corresponding $text query for each matching document.\n\t\t\t\t\t}\n\t\t\t\t}\n\t\t\t});\n\t\t}\n\t});\n\n\t// set up security on websites collection\n\tWebsites.allow({\n\t\t// we need to be able to update websites for voting\n\t\tupdate: function (userId, doc) {\n\t\t\tif (Meteor.user()) {\n\t\t\t\t// they are logged in\n\t\t\t\treturn true;\n\t\t\t} else {\n\t\t\t\t// user not logged in - do not let them update  (rate) the image.\n\t\t\t\treturn false;\n\t\t\t}\n\t\t},\n\n\t\tinsert: function (userId, doc) {\n\n\t\t\tif (Meteor.user()) {\n\t\t\t\t// they are logged in\n\t\t\t\tif (userId != doc.createdBy) {\n\t\t\t\t\t// the user is messing about\n\t\t\t\t\treturn false;\n\t\t\t\t} else {\n\t\t\t\t\t// the user is logged in, the image has the correct user id\n\t\t\t\t\treturn true;\n\t\t\t\t}\n\t\t\t} else {\n\t\t\t\t// user not logged in\n\t\t\t\treturn false;\n\t\t\t}\n\t\t},\n\n\t\tremove: function (userId, doc) {\n\t\t\tif (Meteor.user()) {\n\t\t\t\t// they are logged in\n\t\t\t\tif (userId != doc.createdBy) {\n\t\t\t\t\t// the user is messing about\n\t\t\t\t\treturn false;\n\t\t\t\t} else {\n\t\t\t\t\t// the user is logged in, the image has the correct user id\n\t\t\t\t\treturn true;\n\t\t\t\t}\n\t\t\t} else {\n\t\t\t\t// user not logged in\n\t\t\t\treturn false;\n\t\t\t}\n\t\t\t// return true;\n\t\t}\n\t});\n\n\tMeteor.publish('websites', function () {\n\t\treturn Websites.find();\n\t});\n};","ast":null,"map":{"version":3,"sources":["/lib/collections.js"],"names":[],"mappings":"AAAA,QAAQ,GAAG,IAAI,KAAK,CAAC,UAAU,CAAC,UAAU,CAAC,CAAC;;AAG5C,IAAI,MAAM,CAAC,QAAQ,EAAE;AACnB,OAAM,CAAC,SAAS,CAAC,UAAU,CAAC,CAAC;AAC3B,SAAQ,CAAC,MAAM,CAAC,MAAM,CAAC;AACvB,kBAAgB,EAAE,UAAU,CAAC,EAAE;AAC7B,IAAC,CAAC,cAAc,EAAE,CAAC;AACnB,UAAO,CAAC,GAAG,CAAC,aAAa,EAAE,CAAC,CAAC,cAAc,CAAC,CAAC,GAAG,EAAE,CAAC,CAAC;GACrD;EACF,CAAC,CAAC;;AAGH,SAAQ,CAAC,MAAM,CAAC,OAAO,CAAC;AACtB,UAAQ,EAAE,YAAW;AACjB,SAAM,CAAC,SAAS,CAAC,QAAQ,EAAE,OAAO,CAAC,GAAG,CAAC,aAAa,CAAC,CAAC,CAAC;AACzD,OAAI,WAAW,GAAG,OAAO,CAAC,GAAG,CAAC,aAAa,CAAC,CAAC;AAC3C,UAAO,QAAQ,CAAC,IAAI,CAAC,EAAE,EAAE,EAAE,IAAI,EAAE,CAAC,CAAC,OAAO,EAAE,MAAM,CAAC,CAAC,EAAE,CAAC,CAAC;GAC3D;EACF,CAAC,CAAC;CACJ,CAAC;;AAGF,IAAI,MAAM,CAAC,QAAQ,EAAE;;AAEjB,SAAQ,CAAC,YAAY,CAAC;AACpB,eAAa,EAAE,MAAM;AACrB,SAAO,EAAE,MAAM;EAChB,CAAC,CAAC;;;;AAIL,OAAM,CAAC,OAAO,CAAC,QAAQ,EAAE,UAAS,WAAW,EAAE;AAC7C,MAAI,WAAW,EAAE;AACd,UAAO,CAAC,GAAG,CAAC,WAAW,CAAC,CAAA;AACvB,UAAO,QAAQ,CAAC,IAAI,CACpB,EAAC,KAAK,EAAE,EAAC,OAAO,EAAE,WAAW,EAAC,EAAC,EAC/B,EAAC,MAAM,EAAE,EAAC,KAAK,EAAC;AACd,WAAK,EAAE,WAAW;MACjB;KACF;AACD,QAAI,EAAC;AACJ,UAAK,EAAC;AACL,WAAK,EAAC,WAAW;MACjB;KACG;IACJ,CACF,CAAC;GACH;EACJ,CAAC,CAAC;;;AAIH,SAAQ,CAAC,KAAK,CAAC;;AAEd,QAAM,EAAC,UAAS,MAAM,EAAE,GAAG,EAAC;AAC3B,OAAI,MAAM,CAAC,IAAI,EAAE,EAAC;;AACjB,WAAO,IAAI,CAAC;IACZ,MAAM;;AACN,WAAO,KAAK,CAAC;IACb;GACD;;AAED,QAAM,EAAC,UAAS,MAAM,EAAE,GAAG,EAAC;;AAE3B,OAAI,MAAM,CAAC,IAAI,EAAE,EAAC;;AACjB,QAAI,MAAM,IAAI,GAAG,CAAC,SAAS,EAAC;;AAC3B,YAAO,KAAK,CAAC;KACb,MACI;;AACJ,YAAO,IAAI,CAAC;KACZ;IACD,MACI;;AACJ,WAAO,KAAK,CAAC;IACb;GACD;;AAED,QAAM,EAAC,UAAS,MAAM,EAAE,GAAG,EAAC;AAC3B,OAAI,MAAM,CAAC,IAAI,EAAE,EAAC;;AACjB,QAAI,MAAM,IAAI,GAAG,CAAC,SAAS,EAAC;;AAC3B,YAAO,KAAK,CAAC;KACb,MAEI;;AACJ,YAAO,IAAI,CAAC;KACZ;IACD,MACI;;AACJ,WAAO,KAAK,CAAC;IACb;;GAED;EACD,CAAC,CAAC;;AAEF,OAAM,CAAC,OAAO,CAAC,UAAU,EAAE,YAAW;AACtC,SAAO,QAAQ,CAAC,IAAI,EAAE,CAAC;EACrB,CAAC,CAAC;CACF,CAAC","file":"/lib/collections.js.map","sourcesContent":["Websites = new Mongo.Collection(\"websites\");\n\n\nif (Meteor.isClient) {\n\t Meteor.subscribe('websites');\n    Template.search.events({\n    \"submit #search\": function (e) {\n      e.preventDefault();\n      Session.set(\"searchValue\", $(\"#searchValue\").val());\n    }\n  });\n\n\n  Template.search.helpers({\n    websites: function() {\n        Meteor.subscribe(\"search\", Session.get(\"searchValue\"));\n  \t\t  var searchValue = Session.get(\"searchValue\");\n        return Websites.find({}, { sort: [[\"score\", \"desc\"]] });\n    }\n  });\n};\n\n\nif (Meteor.isServer) {\n// Meteor.startup(function () {\n    Websites._ensureIndex({\n      \"description\": \"text\",\n \t\t   \"title\": \"text\",\n    });\n    // seed();\n  // });\n\n  Meteor.publish(\"search\", function(searchValue) {\n    if (searchValue) {\n       console.log(searchValue)\n        return Websites.find(\n        {$text: {$search: searchValue}},\n        {fields: {score:{\n        \t\t$meta: 'textScore' //returns for each matching document the metadata\n        \t },\n        },\n        sort:{\n        \tscore:{\n        \t\t$meta:'textScore' //Returns the score associated with the corresponding $text query for each matching document. \n        \t}\n            }\n        }\n      );\n    } \n});\n\n\n// set up security on websites collection\nWebsites.allow({\n\t// we need to be able to update websites for voting\n\tupdate:function(userId, doc){\t\n\t\tif (Meteor.user()){// they are logged in\n\t\t\treturn true;\n\t\t} else {// user not logged in - do not let them update  (rate) the image. \n\t\t\treturn false;\n\t\t}\n\t},\n\n\tinsert:function(userId, doc){\n\t\t\n\t\tif (Meteor.user()){// they are logged in\n\t\t\tif (userId != doc.createdBy){// the user is messing about\n\t\t\t\treturn false;\n\t\t\t}\n\t\t\telse {// the user is logged in, the image has the correct user id\n\t\t\t\treturn true;\n\t\t\t}\n\t\t}\n\t\telse {// user not logged in\n\t\t\treturn false;\n\t\t}\n\t}, \n\n\tremove:function(userId, doc){\n\t\tif (Meteor.user()){// they are logged in\n\t\t\tif (userId != doc.createdBy){// the user is messing about\n\t\t\t\treturn false;\n\t\t\t}\n\t\t\t\t\t\t\t\n\t\t\telse {// the user is logged in, the image has the correct user id\n\t\t\t\treturn true;\n\t\t\t}\n\t\t}\n\t\telse {// user not logged in\n\t\t\treturn false;\n\t\t}\n\t\t// return true;\n\t},\n});\n\n\tMeteor.publish('websites', function() {\n\treturn Websites.find();\n\t });\n  };\n\n\n\n\n\n\n"]},"hash":"66eedadb9161147927c55be8f539b29f5784d23f"}
