{"metadata":{"modules":{"imports":[],"exports":{"exported":[],"specifiers":[]}},"usedHelpers":[]},"ignored":false,"code":"Websites = new Mongo.Collection(\"websites\");\n\nif (Meteor.isClient) {\n\tMeteor.subscribe('websites');\n\n\tTemplate.search.events({\n\t\t\"submit #search\": function (e) {\n\t\t\te.preventDefault();\n\t\t\tSession.set(\"searchValue\", $(\"#searchValue\").val());\n\t\t}\n\t});\n\n\tTemplate.search.helpers({\n\t\twebsites: function () {\n\t\t\tMeteor.subscribe(\"search\", Session.get(\"searchValue\"));\n\t\t\tif (Session.get(\"searchValue\")) {\n\t\t\t\treturn Websites.find({}, { sort: [[\"score\", \"desc\"]] });\n\t\t\t} else {\n\t\t\t\treturn Websites.find({});\n\t\t\t}\n\t\t}\n\t});\n};\n\nif (Meteor.isServer) {\n\n\tMeteor.startup(function () {\n\t\tWebsites._ensureIndex({\n\t\t\t\"description\": \"text\",\n\t\t\t\"title\": \"text\"\n\t\t});\n\t\t// seed();\n\t});\n\n\tMeteor.publish(\"search\", function (searchValue) {\n\t\tif (!searchValue) {\n\t\t\treturn Websites.find({});\n\t\t}\n\t\tconsole.log(\"Searching for \", searchValue);\n\n\t\tvar cursor = Websites.find({ $text: { $search: searchValue } }, {\n\n\t\t\tfields: {\n\t\t\t\tscore: { $meta: \"textScore\" }\n\t\t\t},\n\n\t\t\tsort: {\n\t\t\t\tscore: { $meta: \"textScore\" }\n\t\t\t}\n\t\t});\n\t\treturn cursor;\n\t});\n\n\t// set up security on websites collection\n\tWebsites.allow({\n\n\t\t// we need to be able to update websites for voting\n\t\tupdate: function (userId, doc) {\n\n\t\t\tif (Meteor.user()) {\n\t\t\t\t// they are logged in\n\t\t\t\treturn true;\n\t\t\t} else {\n\t\t\t\t// user not logged in - do not let them update  (rate) the image.\n\t\t\t\treturn false;\n\t\t\t}\n\t\t},\n\n\t\tinsert: function (userId, doc) {\n\n\t\t\tif (Meteor.user()) {\n\t\t\t\t// they are logged in\n\t\t\t\tif (userId != doc.createdBy) {\n\t\t\t\t\t// the user is messing about\n\t\t\t\t\treturn false;\n\t\t\t\t} else {\n\t\t\t\t\t// the user is logged in, the image has the correct user id\n\t\t\t\t\treturn true;\n\t\t\t\t}\n\t\t\t} else {\n\t\t\t\t// user not logged in\n\t\t\t\treturn false;\n\t\t\t}\n\t\t},\n\t\tremove: function (userId, doc) {\n\t\t\tif (Meteor.user()) {\n\t\t\t\t// they are logged in\n\t\t\t\tif (userId != doc.createdBy) {\n\t\t\t\t\t// the user is messing about\n\t\t\t\t\treturn false;\n\t\t\t\t} else {\n\t\t\t\t\t// the user is logged in, the image has the correct user id\n\t\t\t\t\treturn true;\n\t\t\t\t}\n\t\t\t} else {\n\t\t\t\t// user not logged in\n\t\t\t\treturn false;\n\t\t\t}\n\t\t\t// return true;\n\t\t}\n\t});\n\n\tMeteor.publish('websites', function () {\n\t\treturn Websites.find();\n\t});\n};","ast":null,"map":{"version":3,"sources":["/lib/collections.js"],"names":[],"mappings":"AAAA,QAAQ,GAAG,IAAI,KAAK,CAAC,UAAU,CAAC,UAAU,CAAC,CAAC;;AAG5C,IAAI,MAAM,CAAC,QAAQ,EAAE;AACpB,OAAM,CAAC,SAAS,CAAC,UAAU,CAAC,CAAC;;AAE5B,SAAQ,CAAC,MAAM,CAAC,MAAM,CAAC;AACrB,kBAAgB,EAAE,UAAU,CAAC,EAAE;AAC7B,IAAC,CAAC,cAAc,EAAE,CAAC;AACnB,UAAO,CAAC,GAAG,CAAC,aAAa,EAAE,CAAC,CAAC,cAAc,CAAC,CAAC,GAAG,EAAE,CAAC,CAAC;GACrD;EACF,CAAC,CAAC;;AAIH,SAAQ,CAAC,MAAM,CAAC,OAAO,CAAC;AACtB,UAAQ,EAAE,YAAW;AACnB,SAAM,CAAC,SAAS,CAAC,QAAQ,EAAE,OAAO,CAAC,GAAG,CAAC,aAAa,CAAC,CAAC,CAAC;AACvD,OAAI,OAAO,CAAC,GAAG,CAAC,aAAa,CAAC,EAAE;AAC9B,WAAO,QAAQ,CAAC,IAAI,CAAC,EAAE,EAAE,EAAE,IAAI,EAAE,CAAC,CAAC,OAAO,EAAE,MAAM,CAAC,CAAC,EAAE,CAAC,CAAC;IACzD,MAAM;AACL,WAAO,QAAQ,CAAC,IAAI,CAAC,EAAE,CAAC,CAAC;IAC1B;GACF;EACF,CAAC,CAAC;CAIJ,CAAC;;AAKF,IAAI,MAAM,CAAC,QAAQ,EAAE;;AAErB,OAAM,CAAC,OAAO,CAAC,YAAY;AACvB,UAAQ,CAAC,YAAY,CAAC;AACpB,gBAAa,EAAE,MAAM;AACxB,UAAO,EAAE,MAAM;GACb,CAAC,CAAC;;EAEJ,CAAC,CAAC;;AAIH,OAAM,CAAC,OAAO,CAAC,QAAQ,EAAE,UAAS,WAAW,EAAE;AAC7C,MAAI,CAAC,WAAW,EAAE;AAChB,UAAO,QAAQ,CAAC,IAAI,CAAC,EAAE,CAAC,CAAC;GAC1B;AACD,SAAO,CAAC,GAAG,CAAC,gBAAgB,EAAE,WAAW,CAAC,CAAC;;AAE3C,MAAI,MAAM,GAAG,QAAQ,CAAC,IAAI,CACxB,EAAE,KAAK,EAAE,EAAC,OAAO,EAAE,WAAW,EAAC,EAAE,EACjC;;AAEE,SAAM,EAAE;AACN,SAAK,EAAE,EAAE,KAAK,EAAE,WAAW,EAAE;IAC9B;;AAED,OAAI,EAAE;AACJ,SAAK,EAAE,EAAE,KAAK,EAAE,WAAW,EAAE;IAC9B;GACF,CACF,CAAC;AACF,SAAO,MAAM,CAAC;EACf,CAAC,CAAC;;;AAaL,SAAQ,CAAC,KAAK,CAAC;;;AAGd,QAAM,EAAC,UAAS,MAAM,EAAE,GAAG,EAAC;;AAE3B,OAAI,MAAM,CAAC,IAAI,EAAE,EAAC;;AACjB,WAAO,IAAI,CAAC;IACZ,MAAM;;AACN,WAAO,KAAK,CAAC;IACb;GACD;;AAED,QAAM,EAAC,UAAS,MAAM,EAAE,GAAG,EAAC;;AAE3B,OAAI,MAAM,CAAC,IAAI,EAAE,EAAC;;AACjB,QAAI,MAAM,IAAI,GAAG,CAAC,SAAS,EAAC;;AAC3B,YAAO,KAAK,CAAC;KACb,MACI;;AACJ,YAAO,IAAI,CAAC;KACZ;IACD,MACI;;AACJ,WAAO,KAAK,CAAC;IACb;GACD;AACD,QAAM,EAAC,UAAS,MAAM,EAAE,GAAG,EAAC;AAC3B,OAAI,MAAM,CAAC,IAAI,EAAE,EAAC;;AACjB,QAAI,MAAM,IAAI,GAAG,CAAC,SAAS,EAAC;;AAC3B,YAAO,KAAK,CAAC;KACb,MAEI;;AACJ,YAAO,IAAI,CAAC;KACZ;IACD,MACI;;AACJ,WAAO,KAAK,CAAC;IACb;;GAED;EACD,CAAC,CAAC;;AAIF,OAAM,CAAC,OAAO,CAAC,UAAU,EAAE,YAAW;AACtC,SAAO,QAAQ,CAAC,IAAI,EAAE,CAAC;EAEtB,CAAC,CAAC;CAKH,CAAC","file":"/lib/collections.js.map","sourcesContent":["Websites = new Mongo.Collection(\"websites\");\n\n\nif (Meteor.isClient) {\n\tMeteor.subscribe('websites');\n\n  Template.search.events({\n    \"submit #search\": function (e) {\n      e.preventDefault();\n      Session.set(\"searchValue\", $(\"#searchValue\").val());\n    }\n  });\n\n\n\n  Template.search.helpers({\n    websites: function() {\n      Meteor.subscribe(\"search\", Session.get(\"searchValue\"));\n      if (Session.get(\"searchValue\")) {\n        return Websites.find({}, { sort: [[\"score\", \"desc\"]] });\n      } else {\n        return Websites.find({});\n      }\n    }\n  });\n\n\n\n};\n\n\n\n\nif (Meteor.isServer) {\n\nMeteor.startup(function () {\n    Websites._ensureIndex({\n      \"description\": \"text\",\n \t\t\"title\": \"text\",\n    });\n    // seed();\n  });\n\n\n\n  Meteor.publish(\"search\", function(searchValue) {\n    if (!searchValue) {\n      return Websites.find({});\n    }\n    console.log(\"Searching for \", searchValue);\n    \n    var cursor = Websites.find(\n      { $text: {$search: searchValue} },\n      {\n\n        fields: {\n          score: { $meta: \"textScore\" }\n        },\n\n        sort: {\n          score: { $meta: \"textScore\" }\n        }\n      }\n    );\n    return cursor;\n  });\n\n\n\n\n\n\n\n\n\n\n\n// set up security on websites collection\nWebsites.allow({\n\n\t// we need to be able to update websites for voting\n\tupdate:function(userId, doc){\n\t\t\n\t\tif (Meteor.user()){// they are logged in\n\t\t\treturn true;\n\t\t} else {// user not logged in - do not let them update  (rate) the image. \n\t\t\treturn false;\n\t\t}\n\t},\n\n\tinsert:function(userId, doc){\n\t\t\n\t\tif (Meteor.user()){// they are logged in\n\t\t\tif (userId != doc.createdBy){// the user is messing about\n\t\t\t\treturn false;\n\t\t\t}\n\t\t\telse {// the user is logged in, the image has the correct user id\n\t\t\t\treturn true;\n\t\t\t}\n\t\t}\n\t\telse {// user not logged in\n\t\t\treturn false;\n\t\t}\n\t}, \n\tremove:function(userId, doc){\n\t\tif (Meteor.user()){// they are logged in\n\t\t\tif (userId != doc.createdBy){// the user is messing about\n\t\t\t\treturn false;\n\t\t\t}\n\t\t\t\t\t\t\t\n\t\t\telse {// the user is logged in, the image has the correct user id\n\t\t\t\treturn true;\n\t\t\t}\n\t\t}\n\t\telse {// user not logged in\n\t\t\treturn false;\n\t\t}\n\t\t// return true;\n\t},\n});\n\n\n\n\tMeteor.publish('websites', function() {\n\treturn Websites.find();\n\n\t});\n\n\n\t\n\n};\n\n\n\n\n\n\n"]},"hash":"8333bb63aedfa26ce5463abfbb3105b9f63e9ec4"}
