{"metadata":{"modules":{"imports":[],"exports":{"exported":[],"specifiers":[]}},"usedHelpers":[]},"ignored":false,"code":"Websites = new Mongo.Collection(\"websites\");\n\nif (Meteor.isClient) {\n\t\tTemplate.search.events({\n\t\t\t\t\"submit #search\": function (e) {\n\t\t\t\t\t\te.preventDefault();\n\t\t\t\t\t\tSession.set(\"searchValue\", $(\"#searchValue\").val());\n\t\t\t\t}\n\t\t});\n\n\t\tMeteor.subscribe('websites');\n\n\t\tTemplate.search.helpers({\n\t\t\t\twebsites: function () {\n\t\t\t\t\t\tMeteor.subscribe(\"search\", Session.get(\"searchValue\"));\n\t\t\t\t\t\tif (Session.get(\"searchValue\")) {\n\t\t\t\t\t\t\t\treturn Websites.find({}, { sort: [[\"score\", \"desc\"]] });\n\t\t\t\t\t\t} else {\n\t\t\t\t\t\t\t\treturn Websites.find({});\n\t\t\t\t\t\t}\n\t\t\t\t}\n\t\t});\n};\n\nif (Meteor.isServer) {\n\t\t// set up security on websites collection\n\t\tWebsites.allow({\n\n\t\t\t\t// we need to be able to update websites for voting\n\t\t\t\tupdate: function (userId, doc) {\n\n\t\t\t\t\t\tif (Meteor.user()) {\n\t\t\t\t\t\t\t\t// they are logged in\n\t\t\t\t\t\t\t\treturn true;\n\t\t\t\t\t\t} else {\n\t\t\t\t\t\t\t\t// user not logged in - do not let them update  (rate) the image.\n\t\t\t\t\t\t\t\treturn false;\n\t\t\t\t\t\t}\n\t\t\t\t},\n\n\t\t\t\tinsert: function (userId, doc) {\n\n\t\t\t\t\t\tif (Meteor.user()) {\n\t\t\t\t\t\t\t\t// they are logged in\n\t\t\t\t\t\t\t\tif (userId != doc.createdBy) {\n\t\t\t\t\t\t\t\t\t\t// the user is messing about\n\t\t\t\t\t\t\t\t\t\treturn false;\n\t\t\t\t\t\t\t\t} else {\n\t\t\t\t\t\t\t\t\t\t// the user is logged in, the image has the correct user id\n\t\t\t\t\t\t\t\t\t\treturn true;\n\t\t\t\t\t\t\t\t}\n\t\t\t\t\t\t} else {\n\t\t\t\t\t\t\t\t// user not logged in\n\t\t\t\t\t\t\t\treturn false;\n\t\t\t\t\t\t}\n\t\t\t\t},\n\t\t\t\tremove: function (userId, doc) {\n\t\t\t\t\t\tif (Meteor.user()) {\n\t\t\t\t\t\t\t\t// they are logged in\n\t\t\t\t\t\t\t\tif (userId != doc.createdBy) {\n\t\t\t\t\t\t\t\t\t\t// the user is messing about\n\t\t\t\t\t\t\t\t\t\treturn false;\n\t\t\t\t\t\t\t\t} else {\n\t\t\t\t\t\t\t\t\t\t// the user is logged in, the image has the correct user id\n\t\t\t\t\t\t\t\t\t\treturn true;\n\t\t\t\t\t\t\t\t}\n\t\t\t\t\t\t} else {\n\t\t\t\t\t\t\t\t// user not logged in\n\t\t\t\t\t\t\t\treturn false;\n\t\t\t\t\t\t}\n\t\t\t\t\t\t// return true;\n\t\t\t\t}\n\t\t});\n\n\t\tMeteor.publish('websites', function () {\n\t\t\t\treturn Websites.find();\n\t\t});\n\n\t\tMeteor.startup(function () {\n\t\t\t\tWebsites._ensureIndex({\n\t\t\t\t\t\t\"description\": \"text\"\n\t\t\t\t});\n\t\t\t\t// seed();\n\t\t});\n\n\t\t// \"title\": \"text\",\n\t\tMeteor.publish(\"search\", function (searchValue) {\n\t\t\t\tif (!searchValue) {\n\t\t\t\t\t\treturn Websites.find({});\n\t\t\t\t}\n\t\t\t\tconsole.log(\"Searching for \", searchValue);\n\t\t\t\tvar cursor = Websites.find({ $text: { $search: searchValue } }, {\n\n\t\t\t\t\t\tfields: {\n\t\t\t\t\t\t\t\tscore: { $meta: \"textScore\" }\n\t\t\t\t\t\t},\n\n\t\t\t\t\t\tsort: {\n\t\t\t\t\t\t\t\tscore: { $meta: \"textScore\" }\n\t\t\t\t\t\t}\n\t\t\t\t});\n\t\t\t\treturn cursor;\n\t\t});\n};","ast":null,"map":{"version":3,"sources":["/lib/collections.js"],"names":[],"mappings":"AAAA,QAAQ,GAAG,IAAI,KAAK,CAAC,UAAU,CAAC,UAAU,CAAC,CAAC;;AAG5C,IAAI,MAAM,CAAC,QAAQ,EAAE;AACnB,UAAQ,CAAC,MAAM,CAAC,MAAM,CAAC;AACrB,oBAAgB,EAAE,UAAU,CAAC,EAAE;AAC7B,OAAC,CAAC,cAAc,EAAE,CAAC;AACnB,aAAO,CAAC,GAAG,CAAC,aAAa,EAAE,CAAC,CAAC,cAAc,CAAC,CAAC,GAAG,EAAE,CAAC,CAAC;KACrD;GACF,CAAC,CAAC;;AAEL,QAAM,CAAC,SAAS,CAAC,UAAU,CAAC,CAAC;;AAE3B,UAAQ,CAAC,MAAM,CAAC,OAAO,CAAC;AACtB,YAAQ,EAAE,YAAW;AACnB,YAAM,CAAC,SAAS,CAAC,QAAQ,EAAE,OAAO,CAAC,GAAG,CAAC,aAAa,CAAC,CAAC,CAAC;AACvD,UAAI,OAAO,CAAC,GAAG,CAAC,aAAa,CAAC,EAAE;AAC9B,eAAO,QAAQ,CAAC,IAAI,CAAC,EAAE,EAAE,EAAE,IAAI,EAAE,CAAC,CAAC,OAAO,EAAE,MAAM,CAAC,CAAC,EAAE,CAAC,CAAC;OACzD,MAAM;AACL,eAAO,QAAQ,CAAC,IAAI,CAAC,EAAE,CAAC,CAAC;OAC1B;KACF;GACF,CAAC,CAAC;CAIJ,CAAC;;AAKF,IAAI,MAAM,CAAC,QAAQ,EAAE;;AAErB,UAAQ,CAAC,KAAK,CAAC;;;AAGd,UAAM,EAAC,UAAS,MAAM,EAAE,GAAG,EAAC;;AAE3B,UAAI,MAAM,CAAC,IAAI,EAAE,EAAC;;AACjB,eAAO,IAAI,CAAC;OACZ,MAAM;;AACN,eAAO,KAAK,CAAC;OACb;KACD;;AAED,UAAM,EAAC,UAAS,MAAM,EAAE,GAAG,EAAC;;AAE3B,UAAI,MAAM,CAAC,IAAI,EAAE,EAAC;;AACjB,YAAI,MAAM,IAAI,GAAG,CAAC,SAAS,EAAC;;AAC3B,iBAAO,KAAK,CAAC;SACb,MACI;;AACJ,iBAAO,IAAI,CAAC;SACZ;OACD,MACI;;AACJ,eAAO,KAAK,CAAC;OACb;KACD;AACD,UAAM,EAAC,UAAS,MAAM,EAAE,GAAG,EAAC;AAC3B,UAAI,MAAM,CAAC,IAAI,EAAE,EAAC;;AACjB,YAAI,MAAM,IAAI,GAAG,CAAC,SAAS,EAAC;;AAC3B,iBAAO,KAAK,CAAC;SACb,MAEI;;AACJ,iBAAO,IAAI,CAAC;SACZ;OACD,MACI;;AACJ,eAAO,KAAK,CAAC;OACb;;KAED;GACD,CAAC,CAAC;;AAIF,QAAM,CAAC,OAAO,CAAC,UAAU,EAAE,YAAW;AACtC,WAAO,QAAQ,CAAC,IAAI,EAAE,CAAC;GAEtB,CAAC,CAAC;;AAGH,QAAM,CAAC,OAAO,CAAC,YAAY;AACxB,YAAQ,CAAC,YAAY,CAAC;AACpB,mBAAa,EAAE,MAAM;KAEtB,CAAC,CAAC;;GAEJ,CAAC,CAAC;;;AAIH,QAAM,CAAC,OAAO,CAAC,QAAQ,EAAE,UAAS,WAAW,EAAE;AAC7C,QAAI,CAAC,WAAW,EAAE;AAChB,aAAO,QAAQ,CAAC,IAAI,CAAC,EAAE,CAAC,CAAC;KAC1B;AACD,WAAO,CAAC,GAAG,CAAC,gBAAgB,EAAE,WAAW,CAAC,CAAC;AAC3C,QAAI,MAAM,GAAG,QAAQ,CAAC,IAAI,CACxB,EAAE,KAAK,EAAE,EAAC,OAAO,EAAE,WAAW,EAAC,EAAE,EACjC;;AAEE,YAAM,EAAE;AACN,aAAK,EAAE,EAAE,KAAK,EAAE,WAAW,EAAE;OAC9B;;AAED,UAAI,EAAE;AACJ,aAAK,EAAE,EAAE,KAAK,EAAE,WAAW,EAAE;OAC9B;KACF,CACF,CAAC;AACF,WAAO,MAAM,CAAC;GACf,CAAC,CAAC;CAEJ,CAAC","file":"/lib/collections.js.map","sourcesContent":["Websites = new Mongo.Collection(\"websites\");\n\n\nif (Meteor.isClient) {\n  Template.search.events({\n    \"submit #search\": function (e) {\n      e.preventDefault();\n      Session.set(\"searchValue\", $(\"#searchValue\").val());\n    }\n  });\n\nMeteor.subscribe('websites');\n\n  Template.search.helpers({\n    websites: function() {\n      Meteor.subscribe(\"search\", Session.get(\"searchValue\"));\n      if (Session.get(\"searchValue\")) {\n        return Websites.find({}, { sort: [[\"score\", \"desc\"]] });\n      } else {\n        return Websites.find({});\n      }\n    }\n  });\n\n\n\n};\n\n\n\n\nif (Meteor.isServer) {\n// set up security on websites collection\nWebsites.allow({\n\n\t// we need to be able to update websites for voting\n\tupdate:function(userId, doc){\n\t\t\n\t\tif (Meteor.user()){// they are logged in\n\t\t\treturn true;\n\t\t} else {// user not logged in - do not let them update  (rate) the image. \n\t\t\treturn false;\n\t\t}\n\t},\n\n\tinsert:function(userId, doc){\n\t\t\n\t\tif (Meteor.user()){// they are logged in\n\t\t\tif (userId != doc.createdBy){// the user is messing about\n\t\t\t\treturn false;\n\t\t\t}\n\t\t\telse {// the user is logged in, the image has the correct user id\n\t\t\t\treturn true;\n\t\t\t}\n\t\t}\n\t\telse {// user not logged in\n\t\t\treturn false;\n\t\t}\n\t}, \n\tremove:function(userId, doc){\n\t\tif (Meteor.user()){// they are logged in\n\t\t\tif (userId != doc.createdBy){// the user is messing about\n\t\t\t\treturn false;\n\t\t\t}\n\t\t\t\t\t\t\t\n\t\t\telse {// the user is logged in, the image has the correct user id\n\t\t\t\treturn true;\n\t\t\t}\n\t\t}\n\t\telse {// user not logged in\n\t\t\treturn false;\n\t\t}\n\t\t// return true;\n\t},\n});\n\n\n\n\tMeteor.publish('websites', function() {\n\treturn Websites.find();\n\n\t});\n\n\n\tMeteor.startup(function () {\n    Websites._ensureIndex({\n      \"description\": \"text\",\n \t\t// \"title\": \"text\",\n    });\n    // seed();\n  });\n\n\n\n  Meteor.publish(\"search\", function(searchValue) {\n    if (!searchValue) {\n      return Websites.find({});\n    }\n    console.log(\"Searching for \", searchValue);\n    var cursor = Websites.find(\n      { $text: {$search: searchValue} },\n      {\n\n        fields: {\n          score: { $meta: \"textScore\" }\n        },\n\n        sort: {\n          score: { $meta: \"textScore\" }\n        }\n      }\n    );\n    return cursor;\n  });\n\n};\n\n\n\n\n\n\n"]},"hash":"8eaa4075ecb0c1597403afed7db2a9f5ae838a97"}
