{"metadata":{"modules":{"imports":[],"exports":{"exported":[],"specifiers":[]}},"usedHelpers":[]},"ignored":false,"code":"Websites = new Mongo.Collection(\"websites\");\n\nif (Meteor.isClient) {\n  Meteor.subscribe('websites');\n\n  Template.search.events({\n    \"submit #search\": function (e) {\n      e.preventDefault();\n      Session.set(\"searchValue\", $(\"#searchValue\").val());\n    }\n\n  });\n\n  Template.search.helpers({\n    websites: function () {\n      Meteor.subscribe(\"search\", Session.get(\"searchValue\"));\n      var searchValue = Session.get(\"searchValue\");\n      console.log(searchValue);\n\n      if (Session.get(\"searchValue\")) {\n        // return Websites.find({}, { sort: [[\"score\", \"desc\"]] });\n      }\n      return Websites.find({}, { sort: [[\"score\", \"desc\"]] });\n      // else {\n      //   return Websites.find({}, {sort: {upvotes: -1}});\n      // }\n    }\n\n  });\n};\n\nif (Meteor.isServer) {\n\n  // Meteor.startup(function () {\n  Websites._ensureIndex({\n    \"description\": \"text\",\n    \"title\": \"text\"\n  });\n  // seed();\n  // });\n\n  Meteor.publish(\"search\", function (searchValue) {\n    if (searchValue) {\n      return Websites.find({ $text: { $search: searchValue }\n      }, { fields: { score: {\n            $meta: 'textScore' //returns for each matching document the metadata\n          }\n\n        },\n\n        sort: {\n          score: {\n            $meta: 'textScore' //Returns the score associated with the corresponding $text query for each matching document.\n          }\n        }\n      });\n    }\n  });\n\n  // set up security on websites collection\n  Websites.allow({\n\n    // we need to be able to update websites for voting\n    update: function (userId, doc) {\n\n      if (Meteor.user()) {\n        // they are logged in\n        return true;\n      } else {\n        // user not logged in - do not let them update  (rate) the image.\n        return false;\n      }\n    },\n\n    insert: function (userId, doc) {\n\n      if (Meteor.user()) {\n        // they are logged in\n        if (userId != doc.createdBy) {\n          // the user is messing about\n          return false;\n        } else {\n          // the user is logged in, the image has the correct user id\n          return true;\n        }\n      } else {\n        // user not logged in\n        return false;\n      }\n    },\n    remove: function (userId, doc) {\n      if (Meteor.user()) {\n        // they are logged in\n        if (userId != doc.createdBy) {\n          // the user is messing about\n          return false;\n        } else {\n          // the user is logged in, the image has the correct user id\n          return true;\n        }\n      } else {\n        // user not logged in\n        return false;\n      }\n      // return true;\n    }\n  });\n\n  Meteor.publish('websites', function () {\n    return Websites.find();\n  });\n};","ast":null,"map":{"version":3,"sources":["/lib/collections.js"],"names":[],"mappings":"AAAA,QAAQ,GAAG,IAAI,KAAK,CAAC,UAAU,CAAC,UAAU,CAAC,CAAC;;AAG5C,IAAI,MAAM,CAAC,QAAQ,EAAE;AACpB,QAAM,CAAC,SAAS,CAAC,UAAU,CAAC,CAAC;;AAE5B,UAAQ,CAAC,MAAM,CAAC,MAAM,CAAC;AACrB,oBAAgB,EAAE,UAAU,CAAC,EAAE;AAC7B,OAAC,CAAC,cAAc,EAAE,CAAC;AACnB,aAAO,CAAC,GAAG,CAAC,aAAa,EAAE,CAAC,CAAC,cAAc,CAAC,CAAC,GAAG,EAAE,CAAC,CAAC;KAErD;;GAGF,CAAC,CAAC;;AAIH,UAAQ,CAAC,MAAM,CAAC,OAAO,CAAC;AACtB,YAAQ,EAAE,YAAW;AACjB,YAAM,CAAC,SAAS,CAAC,QAAQ,EAAE,OAAO,CAAC,GAAG,CAAC,aAAa,CAAC,CAAC,CAAC;AACzD,UAAI,WAAW,GAAG,OAAO,CAAC,GAAG,CAAC,aAAa,CAAC,CAAC;AACzC,aAAO,CAAC,GAAG,CAAC,WAAW,CAAC,CAAC;;AAE3B,UAAI,OAAO,CAAC,GAAG,CAAC,aAAa,CAAC,EAAE;;OAE7B;AACD,aAAO,QAAQ,CAAC,IAAI,CAAC,EAAE,EAAE,EAAE,IAAI,EAAE,CAAC,CAAC,OAAO,EAAE,MAAM,CAAC,CAAC,EAAE,CAAC,CAAC;;;;KAI7D;;GAGF,CAAC,CAAC;CAEJ,CAAC;;AAIF,IAAI,MAAM,CAAC,QAAQ,EAAE;;;AAGjB,UAAQ,CAAC,YAAY,CAAC;AACpB,iBAAa,EAAE,MAAM;AACrB,WAAO,EAAE,MAAM;GAChB,CAAC,CAAC;;;;AAIL,QAAM,CAAC,OAAO,CAAC,QAAQ,EAAE,UAAS,WAAW,EAAE;AAC7C,QAAI,WAAW,EAAE;AACf,aAAO,QAAQ,CAAC,IAAI,CACpB,EAAC,KAAK,EAAE,EAAC,OAAO,EAAE,WAAW,EAAC;OAC7B,EAED,EAAC,MAAM,EAAE,EAAC,KAAK,EAAC;AACd,iBAAK,EAAE,WAAW;WAClB;;SAED;;AAED,YAAI,EAAC;AACJ,eAAK,EAAC;AACL,iBAAK,EAAC,WAAW;WACjB;SACD;OACA,CACA,CAAC;KACL;GAEF,CAAC,CAAC;;;AAKH,UAAQ,CAAC,KAAK,CAAC;;;AAGd,UAAM,EAAC,UAAS,MAAM,EAAE,GAAG,EAAC;;AAE3B,UAAI,MAAM,CAAC,IAAI,EAAE,EAAC;;AACjB,eAAO,IAAI,CAAC;OACZ,MAAM;;AACN,eAAO,KAAK,CAAC;OACb;KACD;;AAED,UAAM,EAAC,UAAS,MAAM,EAAE,GAAG,EAAC;;AAE3B,UAAI,MAAM,CAAC,IAAI,EAAE,EAAC;;AACjB,YAAI,MAAM,IAAI,GAAG,CAAC,SAAS,EAAC;;AAC3B,iBAAO,KAAK,CAAC;SACb,MACI;;AACJ,iBAAO,IAAI,CAAC;SACZ;OACD,MACI;;AACJ,eAAO,KAAK,CAAC;OACb;KACD;AACD,UAAM,EAAC,UAAS,MAAM,EAAE,GAAG,EAAC;AAC3B,UAAI,MAAM,CAAC,IAAI,EAAE,EAAC;;AACjB,YAAI,MAAM,IAAI,GAAG,CAAC,SAAS,EAAC;;AAC3B,iBAAO,KAAK,CAAC;SACb,MAEI;;AACJ,iBAAO,IAAI,CAAC;SACZ;OACD,MACI;;AACJ,eAAO,KAAK,CAAC;OACb;;KAED;GACD,CAAC,CAAC;;AAIF,QAAM,CAAC,OAAO,CAAC,UAAU,EAAE,YAAW;AACtC,WAAO,QAAQ,CAAC,IAAI,EAAE,CAAC;GAEtB,CAAC,CAAC;CAKH,CAAC","file":"/lib/collections.js.map","sourcesContent":["Websites = new Mongo.Collection(\"websites\");\n\n\nif (Meteor.isClient) {\n\tMeteor.subscribe('websites');\n\n  Template.search.events({\n    \"submit #search\": function (e) {\n      e.preventDefault();\n      Session.set(\"searchValue\", $(\"#searchValue\").val());\n\t\t\n    }\n\n    \n  });\n\n\n\n  Template.search.helpers({\n    websites: function() {\n        Meteor.subscribe(\"search\", Session.get(\"searchValue\"));\n  \t\t  var searchValue = Session.get(\"searchValue\");\n          console.log(searchValue);\n\n        if (Session.get(\"searchValue\")) {\n  \t\t    // return Websites.find({}, { sort: [[\"score\", \"desc\"]] });\n          } \n          return Websites.find({}, { sort: [[\"score\", \"desc\"]] });\n        // else {\n        //   return Websites.find({}, {sort: {upvotes: -1}});\n        // }\n    }\n\n\n  });\n\n};\n\n\n\nif (Meteor.isServer) {\n\n// Meteor.startup(function () {\n    Websites._ensureIndex({\n      \"description\": \"text\",\n \t\t   \"title\": \"text\",\n    });\n    // seed();\n  // });\n\n  Meteor.publish(\"search\", function(searchValue) {\n    if (searchValue) {\n      return Websites.find(\n      {$text: {$search: searchValue}\n      },\n\n      {fields: {score:{\n      \t\t$meta: 'textScore' //returns for each matching document the metadata\n      \t},\n  \n      },\n\n      sort:{\n      \tscore:{\n      \t\t$meta:'textScore' //Returns the score associated with the corresponding $text query for each matching document. \n      \t}\n      }\n      }\n      );\n  } \n\n});\n\n\n\n// set up security on websites collection\nWebsites.allow({\n\n\t// we need to be able to update websites for voting\n\tupdate:function(userId, doc){\n\t\t\n\t\tif (Meteor.user()){// they are logged in\n\t\t\treturn true;\n\t\t} else {// user not logged in - do not let them update  (rate) the image. \n\t\t\treturn false;\n\t\t}\n\t},\n\n\tinsert:function(userId, doc){\n\t\t\n\t\tif (Meteor.user()){// they are logged in\n\t\t\tif (userId != doc.createdBy){// the user is messing about\n\t\t\t\treturn false;\n\t\t\t}\n\t\t\telse {// the user is logged in, the image has the correct user id\n\t\t\t\treturn true;\n\t\t\t}\n\t\t}\n\t\telse {// user not logged in\n\t\t\treturn false;\n\t\t}\n\t}, \n\tremove:function(userId, doc){\n\t\tif (Meteor.user()){// they are logged in\n\t\t\tif (userId != doc.createdBy){// the user is messing about\n\t\t\t\treturn false;\n\t\t\t}\n\t\t\t\t\t\t\t\n\t\t\telse {// the user is logged in, the image has the correct user id\n\t\t\t\treturn true;\n\t\t\t}\n\t\t}\n\t\telse {// user not logged in\n\t\t\treturn false;\n\t\t}\n\t\t// return true;\n\t},\n});\n\n\n\n\tMeteor.publish('websites', function() {\n\treturn Websites.find();\n\n\t});\n\n\n\t\n\n};\n\n\n\n\n\n\n"]},"hash":"a509c4117fae4a8a4a4a950fad4285bc643300d8"}
