{"metadata":{"modules":{"imports":[],"exports":{"exported":[],"specifiers":[]}},"usedHelpers":[]},"ignored":false,"code":"/// routing\n\nRouter.configure({\n  layoutTemplate: 'ApplicationLayout'\n});\n\nRouter.route('/', function () {\n  this.render('website_list', { to: \"main\" });\n  this.render('website_form', { to: \"navbar\" });\n});\n\nRouter.route('/details/:_id', function () {\n  this.render('details', {\n    to: \"main\",\n    data: function () {\n      return Websites.findOne({ _id: this.params._id });\n    }\n  });\n});\n\nAccounts.ui.config({\n  passwordSignupFields: \"USERNAME_AND_EMAIL\"\n});\n\nif (Meteor.isClient) {\n\n  /////\n  // template helpers\n  /////\n\n  // helper function that returns all available websites\n  Template.website_list.helpers({\n    websites: function () {\n      return Websites.find({}, { sort: { upvotes: -1 } });\n    }\n\n  });\n\n  Template.website_item.helpers({\n    getUser: function (user_id) {\n      var user = Meteor.users.findOne({ _id: user_id });\n      if (user) {\n        return user.username;\n      } else {\n        return \"anon\";\n      }\n    }\n\n  });\n\n  /////\n  // template events\n  /////\n\n  Template.website_item.events({\n\n    \"click .js-upvote\": function (event) {\n\n      // example of how you can access the id for the website in the database\n      // (this is the data context for the template)\n      var website_id = this._id;\n      console.log(\"Up voting website with id \" + website_id);\n      var upvotes = $(event.currentTarget).data('upvotes');\n      Websites.update({ _id: website_id }, { $inc: { upvotes: 1 } });\n\n      return false; // prevent the button from reloading the page\n    },\n\n    \"click .js-downvote\": function (event) {\n\n      // example of how you can access the id for the website in the database\n      // (this is the data context for the template)\n      var website_id = this._id;\n      console.log(\"Down voting website with id \" + website_id);\n      // put the code in here to remove a vote from a website!\n      var downvotes = $(event.currentTarget).data('downvotes');\n      Websites.update({ _id: website_id }, { $inc: { downvotes: 1 } });\n\n      return false; // prevent the button from reloading the page\n    },\n\n    'click .delete': function (event, _id) {\n      var website_id = this._id;\n      event.preventDefault();\n      Websites.remove(this._id);\n      // $(\"#\"+website_id).hide('slow', function(){\n      //  Websites.remove({\"_id\":website_id});\n      // })\n    }\n\n  });\n\n  Template.website_form.events({\n    \"click .js-toggle-website-form\": function (event) {\n      $(\"#website_form\").toggle('slow');\n    },\n    \"submit .js-save-website-form\": function (event) {\n\n      // here is an example of how to get the url out of the form:\n      var url = event.target.url.value;\n      console.log(\"The url they entered is: \" + url);\n      var title = event.target.title.value;\n      var description = event.target.description.value;\n      //  put your website saving code in here!\n      if (Meteor.user()) {\n        Websites.insert({\n          url: url,\n          title: title,\n          description: description,\n          createdOn: new Date(),\n          createdBy: Meteor.user()._id\n\n        });\n      }\n      $(\"#website_form\").toggle('hide');\n      event.target.url.value = \"\";\n      event.target.title.value = \"\";\n      event.target.description.value = \"\";\n      return false; // stop the form submit from reloading the page\n    }\n  });\n};\n\nif (Meteor.isServer) {\n\n  // start up function that creates entries in the Websites databases.\n  Meteor.startup(function () {\n    // code to run on server at startup\n    if (!Websites.findOne()) {\n      console.log(\"No websites yet. Creating starter data.\");\n      Websites.insert({\n        title: \"Goldsmiths Computing Department\",\n        url: \"http://www.gold.ac.uk/computing/\",\n        description: \"This is where this course was developed.\",\n        createdOn: new Date()\n      });\n      Websites.insert({\n        title: \"University of London\",\n        url: \"http://www.londoninternational.ac.uk/courses/undergraduate/goldsmiths/bsc-creative-computing-bsc-diploma-work-entry-route\",\n        description: \"University of London International Programme.\",\n        createdOn: new Date()\n      });\n      Websites.insert({\n        title: \"Coursera\",\n        url: \"http://www.coursera.org\",\n        description: \"Universal access to the world’s best education.\",\n        createdOn: new Date()\n      });\n      Websites.insert({\n        title: \"Google\",\n        url: \"http://www.google.com\",\n        description: \"Popular search engine.\",\n        createdOn: new Date()\n      });\n    }\n  });\n}","ast":null,"map":{"version":3,"sources":["/client/siteace.js"],"names":[],"mappings":";;AAEA,MAAM,CAAC,SAAS,CAAC;AACf,gBAAc,EAAE,mBAAmB;CACpC,CAAC,CAAC;;AAEH,MAAM,CAAC,KAAK,CAAC,GAAG,EAAE,YAAY;AAC1B,MAAI,CAAC,MAAM,CAAC,cAAc,EAAE,EAAC,EAAE,EAAC,MAAM,EAAC,CAAC,CAAC;AACzC,MAAI,CAAC,MAAM,CAAC,cAAc,EAAE,EAAC,EAAE,EAAC,QAAQ,EAAC,CAAC,CAAC;CAC9C,CAAC,CAAC;;AAGH,MAAM,CAAC,KAAK,CAAC,eAAe,EAAE,YAAY;AACxC,MAAI,CAAC,MAAM,CAAC,SAAS,EAAE;AACrB,MAAE,EAAC,MAAM;AACT,QAAI,EAAC,YAAU;AACb,aAAO,QAAQ,CAAC,OAAO,CAAC,EAAC,GAAG,EAAC,IAAI,CAAC,MAAM,CAAC,GAAG,EAAC,CAAC,CAAC;KAChD;GACF,CAAC,CAAC;CACJ,CAAC,CAAC;;AAGH,QAAQ,CAAC,EAAE,CAAC,MAAM,CAAC;AACnB,sBAAoB,EAAE,oBAAoB;CACzC,CAAC,CAAC;;AAGH,IAAI,MAAM,CAAC,QAAQ,EAAE;;;;;;;AAOpB,UAAQ,CAAC,YAAY,CAAC,OAAO,CAAC;AAC7B,YAAQ,EAAC,YAAU;AAClB,aAAO,QAAQ,CAAC,IAAI,CAAC,EAAE,EAAE,EAAC,IAAI,EAAE,EAAC,OAAO,EAAE,CAAC,CAAC,EAAC,EAAC,CAAC,CAAC;KAChD;;GAEA,CAAC,CAAC;;AAGH,UAAQ,CAAC,YAAY,CAAC,OAAO,CAAC;AAC9B,WAAO,EAAC,UAAS,OAAO,EAAC;AACvB,UAAI,IAAI,GAAG,MAAM,CAAC,KAAK,CAAC,OAAO,CAAC,EAAC,GAAG,EAAC,OAAO,EAAC,CAAC,CAAC;AAC/C,UAAI,IAAI,EAAC;AACP,eAAO,IAAI,CAAC,QAAQ,CAAC;OACtB,MACI;AACJ,eAAO,MAAM,CAAC;OACd;KACF;;GAEF,CAAC,CAAC;;;;;;AAQD,UAAQ,CAAC,YAAY,CAAC,MAAM,CAAC;;AAE3B,sBAAkB,EAAC,UAAS,KAAK,EAAC;;;;AAIhC,UAAI,UAAU,GAAG,IAAI,CAAC,GAAG,CAAC;AAC1B,aAAO,CAAC,GAAG,CAAC,4BAA4B,GAAC,UAAU,CAAC,CAAC;AACrD,UAAI,OAAO,GAAG,CAAC,CAAC,KAAK,CAAC,aAAa,CAAC,CAAC,IAAI,CAAC,SAAS,CAAC,CAAC;AACrD,cAAQ,CAAC,MAAM,CAAC,EAAC,GAAG,EAAE,UAAU,EAAC,EAAC,EAAC,IAAI,EAAE,EAAC,OAAO,EAAC,CAAC,EAAC,EAAC,CAAC,CAAC;;AAErD,aAAO,KAAK,CAAC;KAEjB;;AAEA,wBAAoB,EAAC,UAAS,KAAK,EAAC;;;;AAIlC,UAAI,UAAU,GAAG,IAAI,CAAC,GAAG,CAAC;AAC1B,aAAO,CAAC,GAAG,CAAC,8BAA8B,GAAC,UAAU,CAAC,CAAC;;AAEvD,UAAI,SAAS,GAAG,CAAC,CAAC,KAAK,CAAC,aAAa,CAAC,CAAC,IAAI,CAAC,WAAW,CAAC,CAAC;AACzD,cAAQ,CAAC,MAAM,CAAC,EAAC,GAAG,EAAE,UAAU,EAAC,EAAC,EAAC,IAAI,EAAE,EAAC,SAAS,EAAC,CAAC,EAAC,EAAC,CAAC,CAAC;;AAEzD,aAAO,KAAK,CAAC;KACd;;AAEH,mBAAe,EAAE,UAAS,KAAK,EAAE,GAAG,EAAC;AACpC,UAAI,UAAU,GAAG,IAAI,CAAC,GAAG,CAAC;AAC1B,WAAK,CAAC,cAAc,EAAE,CAAC;AAClB,cAAQ,CAAC,MAAM,CAAC,IAAI,CAAC,GAAG,CAAC,CAAC;;;;KAIjC;;GAEE,CAAC,CAAC;;AAEH,UAAQ,CAAC,YAAY,CAAC,MAAM,CAAC;AAC3B,mCAA+B,EAAC,UAAS,KAAK,EAAC;AAC7C,OAAC,CAAC,eAAe,CAAC,CAAC,MAAM,CAAC,MAAM,CAAC,CAAC;KACnC;AACD,kCAA8B,EAAC,UAAS,KAAK,EAAC;;;AAG5C,UAAI,GAAG,GAAG,KAAK,CAAC,MAAM,CAAC,GAAG,CAAC,KAAK,CAAC;AACjC,aAAO,CAAC,GAAG,CAAC,2BAA2B,GAAC,GAAG,CAAC,CAAC;AAC7C,UAAI,KAAK,GAAG,KAAK,CAAC,MAAM,CAAC,KAAK,CAAC,KAAK,CAAC;AACrC,UAAI,WAAW,GAAG,KAAK,CAAC,MAAM,CAAC,WAAW,CAAC,KAAK,CAAC;;AAEjD,UAAI,MAAM,CAAC,IAAI,EAAE,EAAC;AAClB,gBAAQ,CAAC,MAAM,CAAC;AACd,aAAG,EAAC,GAAG;AACP,eAAK,EAAC,KAAK;AACX,qBAAW,EAAC,WAAW;AACvB,mBAAS,EAAC,IAAI,IAAI,EAAE;AACpB,mBAAS,EAAC,MAAM,CAAC,IAAI,EAAE,CAAC,GAAG;;SAE5B,CAAC,CAAC;OACN;AACC,OAAC,CAAC,eAAe,CAAC,CAAC,MAAM,CAAC,MAAM,CAAC,CAAC;AAClC,WAAK,CAAC,MAAM,CAAC,GAAG,CAAC,KAAK,GAAG,EAAE,CAAC;AAC5B,WAAK,CAAC,MAAM,CAAC,KAAK,CAAC,KAAK,GAAG,EAAE,CAAC;AAC9B,WAAK,CAAC,MAAM,CAAC,WAAW,CAAC,KAAK,GAAG,EAAE,CAAC;AAClC,aAAO,KAAK,CAAC;KAEd;GACF,CAAC,CAAC;CAGJ,CAAC;;AAEF,IAAI,MAAM,CAAC,QAAQ,EAAE;;;AAGnB,QAAM,CAAC,OAAO,CAAC,YAAY;;AAEzB,QAAI,CAAC,QAAQ,CAAC,OAAO,EAAE,EAAC;AACvB,aAAO,CAAC,GAAG,CAAC,yCAAyC,CAAC,CAAC;AACrD,cAAQ,CAAC,MAAM,CAAC;AACjB,aAAK,EAAC,iCAAiC;AACvC,WAAG,EAAC,kCAAkC;AACtC,mBAAW,EAAC,0CAA0C;AACtD,iBAAS,EAAC,IAAI,IAAI,EAAE;OACpB,CAAC,CAAC;AACF,cAAQ,CAAC,MAAM,CAAC;AAChB,aAAK,EAAC,sBAAsB;AAC5B,WAAG,EAAC,2HAA2H;AAC/H,mBAAW,EAAC,+CAA+C;AAC3D,iBAAS,EAAC,IAAI,IAAI,EAAE;OACpB,CAAC,CAAC;AACF,cAAQ,CAAC,MAAM,CAAC;AAChB,aAAK,EAAC,UAAU;AAChB,WAAG,EAAC,yBAAyB;AAC7B,mBAAW,EAAC,iDAAiD;AAC7D,iBAAS,EAAC,IAAI,IAAI,EAAE;OACpB,CAAC,CAAC;AACH,cAAQ,CAAC,MAAM,CAAC;AACf,aAAK,EAAC,QAAQ;AACd,WAAG,EAAC,uBAAuB;AAC3B,mBAAW,EAAC,wBAAwB;AACpC,iBAAS,EAAC,IAAI,IAAI,EAAE;OACpB,CAAC,CAAC;KACH;GACF,CAAC,CAAC;CAEJ","file":"/client/siteace.js.map","sourcesContent":["/// routing \n\nRouter.configure({\n  layoutTemplate: 'ApplicationLayout'\n});\n\nRouter.route('/', function () {\n    this.render('website_list', {to:\"main\"});\n    this.render('website_form', {to:\"navbar\"});\n});\n\n \nRouter.route('/details/:_id', function () {\n  this.render('details', {\n    to:\"main\",\n    data:function(){\n      return Websites.findOne({_id:this.params._id});\n    }\n  });\n});\n\n\nAccounts.ui.config({\npasswordSignupFields: \"USERNAME_AND_EMAIL\"\n});\n\n\nif (Meteor.isClient) {\n\n\t/////\n\t// template helpers \n\t/////\n\n\t// helper function that returns all available websites\n\tTemplate.website_list.helpers({\n\t\twebsites:function(){\n\t\t\treturn Websites.find({}, {sort: {upvotes: -1}});\n\t\t},\n\n  });\n\n\n  Template.website_item.helpers({ \n\t\tgetUser:function(user_id){\n  \t\tvar user = Meteor.users.findOne({_id:user_id});\n \t\t if (user){\n  \t \t return user.username;\n\t \t }\n\t \t else {\n\t    return \"anon\";\n\t\t  }\n\t\t},\n\n});\n\n\n\n  /////\n  // template events \n  /////\n\n  Template.website_item.events({\n    \n    \"click .js-upvote\":function(event){\n      \n      // example of how you can access the id for the website in the database\n      // (this is the data context for the template)\n      var website_id = this._id;\n      console.log(\"Up voting website with id \"+website_id);\n      var upvotes = $(event.currentTarget).data('upvotes');\n      Websites.update({_id: website_id},{$inc: {upvotes:1}});\n\n        return false;// prevent the button from reloading the page\n     \n   },\n\n    \"click .js-downvote\":function(event){\n\n      // example of how you can access the id for the website in the database\n      // (this is the data context for the template)\n      var website_id = this._id;\n      console.log(\"Down voting website with id \"+website_id);\n      // put the code in here to remove a vote from a website!\n      var downvotes = $(event.currentTarget).data('downvotes');\n      Websites.update({_id: website_id},{$inc: {downvotes:1}});\n\n      return false;// prevent the button from reloading the page\n    },\n\n  'click .delete': function(event, _id){\n   var website_id = this._id;\n   event.preventDefault();\n        Websites.remove(this._id);\n   // $(\"#\"+website_id).hide('slow', function(){\n   //  Websites.remove({\"_id\":website_id});\n   // }) \n},\n\n  });\n\n  Template.website_form.events({\n    \"click .js-toggle-website-form\":function(event){\n      $(\"#website_form\").toggle('slow');\n    }, \n    \"submit .js-save-website-form\":function(event){\n\n      // here is an example of how to get the url out of the form:\n      var url = event.target.url.value;\n      console.log(\"The url they entered is: \"+url);\n      var title = event.target.title.value;\n      var description = event.target.description.value;\n      //  put your website saving code in here! \n      if (Meteor.user()){\n      Websites.insert({\n        url:url, \n        title:title, \n        description:description,\n        createdOn:new Date(),\n        createdBy:Meteor.user()._id,\n\n      });\n  }\n    $(\"#website_form\").toggle('hide');\n    event.target.url.value = \"\";\n    event.target.title.value = \"\";\n    event.target.description.value = \"\";\n      return false;// stop the form submit from reloading the page\n\n    }\n  });\n\n\n};\n\nif (Meteor.isServer) {\n\n\t// start up function that creates entries in the Websites databases.\n  Meteor.startup(function () {\n    // code to run on server at startup\n    if (!Websites.findOne()){\n    \tconsole.log(\"No websites yet. Creating starter data.\");\n    \t  Websites.insert({\n    \t\ttitle:\"Goldsmiths Computing Department\", \n    \t\turl:\"http://www.gold.ac.uk/computing/\", \n    \t\tdescription:\"This is where this course was developed.\", \n    \t\tcreatedOn:new Date()\n    \t});\n    \t Websites.insert({\n    \t\ttitle:\"University of London\", \n    \t\turl:\"http://www.londoninternational.ac.uk/courses/undergraduate/goldsmiths/bsc-creative-computing-bsc-diploma-work-entry-route\", \n    \t\tdescription:\"University of London International Programme.\", \n    \t\tcreatedOn:new Date()\n    \t});\n    \t Websites.insert({\n    \t\ttitle:\"Coursera\", \n    \t\turl:\"http://www.coursera.org\", \n    \t\tdescription:\"Universal access to the world’s best education.\", \n    \t\tcreatedOn:new Date()\n    \t});\n    \tWebsites.insert({\n    \t\ttitle:\"Google\", \n    \t\turl:\"http://www.google.com\", \n    \t\tdescription:\"Popular search engine.\", \n    \t\tcreatedOn:new Date()\n    \t});\n    }\n  });\n\n}\n\n\n\n\n"]},"hash":"d3ab5954afd7d5844a28ffda55b21dfffc180011"}
