{"metadata":{"modules":{"imports":[],"exports":{"exported":[],"specifiers":[]}},"usedHelpers":[]},"ignored":false,"code":"/**\n * @namespace Accounts\n * @summary The namespace for all client-side accounts-related methods.\n */\nAccounts = new AccountsClient();\n\n/**\n * @summary A [Mongo.Collection](#collections) containing user documents.\n * @locus Anywhere\n * @type {Mongo.Collection}\n */\nMeteor.users = Accounts.users;","ast":null,"map":{"version":3,"sources":["/globals_client.js"],"names":[],"mappings":";;;;AAIA,QAAQ,GAAG,IAAI,cAAc,EAAE,CAAC;;;;;;;AAOhC,MAAM,CAAC,KAAK,GAAG,QAAQ,CAAC,KAAK,CAAC","file":"/globals_client.js.map","sourcesContent":["/**\n * @namespace Accounts\n * @summary The namespace for all client-side accounts-related methods.\n */\nAccounts = new AccountsClient();\n\n/**\n * @summary A [Mongo.Collection](#collections) containing user documents.\n * @locus Anywhere\n * @type {Mongo.Collection}\n */\nMeteor.users = Accounts.users;\n"]},"hash":"eb43c0bdaae5b800750c093a4971c5d2d04d8c3d"}
